cid	date	c_Consensus	h_popUID
3164	2018-01-03	ATTTGGTAAAGGTATAATTATTGAGAATTCAAAAACTACTTTTTTAACACCGGTAGCTACGGAAAATCAAGATTTAAAAGATGGAGGTTTTGCTTTTCCTCCAACAAATCCTCCTATGTCACCAATGACATTAAATGGTATGAGAGATTTATATAAAAATAATGAAGATGTAAAAAATTTAGATGAATTGA	pfama1.12
3164	2018-01-03	ATTTGGTAAAGGTATAATTATTGAGAATTCAAAAACTACTTTTTTAACACCGGTAGCTACGGAAAATCAAGATTTAAAAGATGGAGGTTTTGCTTTTCCTCCAACAAATCCTCCTATGTCACCAATGACATTAAATGGTATGAGAGATTTATATAAAAATAATGAATATGTAAAAAATTTAGATGAATTGA	pfama1.00
3602	2018-01-09	ATTTGGTAAAGGTATAATTATTGAGAATTCAAAAACTACTTTTTTAACACCGGTAGCTACGGAAAATCAAGATTTAAAAGATGGAGGTTTTGCTTTTCCTCCAACAAATCCTCCTATGTCACCAATGACATTAAATGGTATGAGAGATTTATATAAAAATAATGAATATGTAAAAAATTTAGATGAATTGA	pfama1.00
3602	2018-01-09	ATTTGGTAAAGGTATAATTATTGAGAATTCAAATACTACTTTTTTAACACCGGTAGCTACGGAAAATCAAGATTTAAAAGATGGAGGTTTTGCTTTTCCTCCAACAAAACCTCTTATATCACCAATGACATTAGATCAAATGAGAGATTTATATAAAAATAATGAATATGTAAAAAATTTAGATGAATTGA	pfama1.07
3635	2018-03-07	ATTTGGTAAAGGTATAATTATTGAGAATTCAAATACTACTTTTTTAACACCGGTAGCTACGGGAAAACAAGATTTAAAAGATGGAGGTTTTGCTTTTCCTCCAACAAATCCTCTTATATCACCAATGACATTAGATCATATGAGAGATTTTTATAAAAAAAATGAATATGTAAAAAATTTAGATGAATTGA	pfama1.10
3635	2018-03-07	ATTTGGTAAAGGTATAATTATTGAGAATTCAAATACTACTTTTTTAACACCGGTAGCTACGGGAAAACAAGATTTAAAAGATGGAGGTTTTGCTTTTCCTCCAACAAATCCTCTTATATCACCAATGACATTAAATGGTATGAGAGATTTATATAAAAATAATGAAGATGTAAAAAATTTAGATGAATTGA	pfama1.11
3285	2018-03-27	ATTTGGTAAAGGTATAATTATTGAGAATTCAAATACTACTTTTTTAACACCGGTAGCTACGGGAAAACAAGATTTAAAAGATGGAGGTTTTGCTTTTCCTCCAACAAATCCTCTTATATCACCAATGACATTAGATCATATGAGAGATTTTTATAAAAAAAATGAATATGTAAAAAATTTAGATGAATTGA	pfama1.10
3285	2018-03-27	ATTTGGTAAAGGTATAATTATTGAGAATTCAAAAACTACTTTTTTAACACCGGTAGCTACGGAAAATCAAGATTTAAAAGATGGAGGTTTTGCTTTTCCTCCAACAAAACCTCTTATGTCACCAATGACATTAGATGATATGAGAGATCTTTATAAAAATAATGAATATGTAAAAAATTTAGATGAATTGA	pfama1.16
3604	2018-04-03	ATTTGGTAAAGGTATAATTATTGAGAATTCAAAAACTACTTTTTTAACACCGGTAGCTACGGAAAATCAAGATTTAAAAGATGGAGGTTTTGCTTTTCCTCCAACAAATCCTCCTATGTCACCAATGACATTAAATGGTATGAGAGATTTATATAAAAATAATGAATATGTAAAAAATTTAGATGAATTGA	pfama1.00
3604	2018-04-03	ATTTGGTAAAGGTATAATTATTGAGAATTCAAATACTACTTTTTTAACACCGGTAGCTACGGAAAATCAAGATTTAAAAGATGGAGGTTTTGCTTTTCCTCCAACAGAACCTCTTATGTCACCAATGACATTAGATCAAATGAGACATTTTTATAAAGATAATAAATATGTAAAAAATTTAGATGAATTGA	pfama1.03
3604	2018-04-03	ATTTGGTAAAGGTATAATTATTGAGAATTCAAATACTACTTTTTTAAAACCGGTAGCTACGGGAAATCAAGATTTAAAAGATGGAGGTTTTGCTTTTCCTCCAACAGAACCTCTTATATCACCAATGACATTAGATGATATGAGAGATTTTTATAAAAATAATGAATATGTAAAAAATTTAGATGAATTGA	pfama1.02
3604	2018-04-03	ATTTGGTAAAGGTATAATTATTGAGAATTCAAATACTACTTTTTTAACACCGGTAGCTACGGAAAATCAAGATTTAAAAGATGGAGGTTTTGCTTTTCCTCCAACAAAACCTCTTATATCACCAATGACATTAGATCAAATGAGAGATTTATATAAAAATAATGAATATGTAAAAAATTTAGATGAATTGA	pfama1.07
3604	2018-04-03	ATTTGGTAAAGGTATAATTATTGAGAATTCAAATACTACTTTTTTAAAACCGGTAGCTACGGGAAATCAAGATTTAAAAGATGGAGGTTTTGCTTTTCCTCCAACAGAACCTCTTATATCACCAATGACATTAAATGGTATGAGAGATTTTTATAAAAATAATGAATATGTAAAAAATTTAGATGAATTGA	pfama1.13
3604	2018-04-03	ATTTGGTAAAGGTATAATTATTGAGAATTCAAAAACTACTTTTTTAACACCGGTAGCTACGGAAAATCAAGATTTAAAAGATGGAGGTTTTGCTTTTCCTCCAACAGAACCTCTTATATCACCAATGACATTAGATCAAATGAGACATCTTTATAAAGATAATGAATATGTAAAAAATTTAGATGAATTGA	pfama1.17
3604	2018-04-03	ATTTGGTAAAGGTATAATTATTGAGAATTCAAATACTACTTTTTTAACACCGGTAGCTACGGGAAAACAAGATTTAAAAGATGGAGGTTTTGCTTTTCCTCCAACAAATCCTCTTATATCACCAATGACATTAGATCATATGAGAGATTTTTATAAAAAAAATGAATATGTAAAAAATTTAGATGAATTGA	pfama1.10
3604	2018-04-03	ATTTGGTAAAGGTATAATTATTGAGAATTCAAATACTACTTTTTTAACACCGGTAGCTACGGGAAAACAAGATTTAAAAGATGGAGGTTTTGCTTTTCCTCCAACAAATCCTCTTATATCACCAATGACATTAAATGGTATGAAAGATTTTTATAAAGATAATGAAGATGTAAAAAATTTAGATGAATTGA	pfama1.19
3604	2018-04-03	ATTTGGTAAAGGTATAATTATTGAGAATTCAAATACTACTTTTTTAACACCGGTAGCTACGGGAAATCAATATTTAAAAGATGGAGGTTTTGCTTTTCCTCCAACAAAACCTCTTATGTCACCAATGACATTAGATGATATGAGACTTTTGTATAAAGATAATGAAGATGTAAAAAATTTAGATGAATTGA	pfama1.05
3604	2018-04-03	ATTTGGTAAAGGTATAATTATTGAGAATTCAAATACTACTTTTTTAACACCGGTAGCTACGGAAAATCAAGATTTAAAAGATGGAGGTTTTGCTTTTCCTCCAACAAAACCTCTTATGTCACCAATGACATTAGATCAAATGAGACATTTTTATAAAGATAATAAATATGTAAAAAATTTAGATGAATTGA	pfama1.04
3315	2018-04-18	ATTTGGTAAAGGTATAATTATTGAGAATTCAAAAACTACTTTTTTAACACCGGTAGCTACGGAAAATCAAGATTTAAAAGATGGAGGTTTTGCTTTTCCTCCAACAGAACCTCTTATATCACCAATGACATTAGATCAAATGAGACATCTTTATAAAGATAATGAATATGTAAAAAATTTAGATGAATTGA	pfama1.17
3542	2018-04-30	ATTTGGTAAAGGTATAATTATTGAGAATTCAAATACTACTTTTTTAAAACCGGTAGCTACGGGAAATCAAGATTTAAAAGATGGAGGTTTTGCTTTTCCTCCAACAAATCCTCTTATATCACCAATGACATTAAATGGTATGAGAGATTTTTATAAAAATAATGAATATGTAAAAAATTTAGATGAATTGA	pfama1.18
3542	2018-04-30	ATTTGGTAAAGGTATAATTATTGAGAATTCAAATACTACTTTTTTAACACCGGTAGCTACGGGAAATCAATATTTAAAAGATGGAGGTTTTGCTTTTCCTCCAACAAAACCTCTTATGTCACCAATGACATTAGATGATATGAGACTTTTGTATAAAGATAATGAAGATGTAAAAAATTTAGATGAATTGA	pfama1.05
3602	2018-05-01	ATTTGGTAAAGGTATAATTATTGAGAATTCAAATACTACTTTTTTAACACCGGTAGCTACGGAAAATCAAGATTTAAAAGATGGAGGTTTTGCTTTTCCTCCAACAAAACCTCTTATGTCACCAATGACATTAGATGATATGAGACTTTTGTATAAAGATAATGAAGATGTAAAAAATTTAGATGAATTGA	pfama1.21
3602	2018-05-01	ATTTGGTAAAGGTATAATTATTGAGAATTCAAATACTACTTTTTTAACACCGGTAGCTACGGAAAATCAAGATTTAAAAGATGGAGGTTTTGCTTTTCCTCCAACAAAACCTCTTATGTCACCAATGACATTAGATCAAATGAGACATTTTTATAAAGATAATAAATATGTAAAAAATTTAGATGAATTGA	pfama1.04
3602	2018-05-01	ATTTGGTAAAGGTATAATTATTGAGAATTCAAAAACTACTTTTTTAACACCGGTAGCTACGGAAAATCAAGATTTAAAAGATGGAGGTTTTGCTTTTCCTCCAACAAATCCTCCTATGTCACCAATGACATTAAATGGTATGAGAGATTTATATAAAAATAATGAATATGTAAAAAATTTAGATGAATTGA	pfama1.00
3602	2018-05-01	ATTTGGTAAAGGTATAATTATTGAGAATTCAAATACTACTTTTTTAACACCGGTAGCTACGGGAAAACAAGATTTAAAAGATGGAGGTTTTGCTTTTCCTCCAACAAATCCTCTTATATCACCAATGACATTAAATGGTATGAGAGATTTATATAAAAATAATGAAGATGTAAAAAATTTAGATGAATTGA	pfama1.11
3602	2018-05-01	ATTTGGTAAAGGTATAATTATTGAGAATTCAAATACTACTTTTTTAACACCGGTAGCTACGGAAAATCAAGATTTAAAAGATGGAGGTTTTGCTTTTCCTCCAACAAAACCTCTTATATCACCAATGACATTAGATCAAATGAGAGATTTATATAAAAATAATGAATATGTAAAAAATTTAGATGAATTGA	pfama1.07
3602	2018-05-01	ATTTGGTAAAGGTATAATTATTGAGAATTCAAATACTACTTTTTTAAAACCGGTAGCTACGGGAAATCAAGATTTAAAAGATGGAGGTTTTGCTTTTCCTCCAACAGAACCTCTTATATCACCAATGACATTAGATGATATGAGAGATTTTTATAAAAATAATGAATATGTAAAAAATTTAGATGAATTGA	pfama1.02
3602	2018-05-01	ATTTGGTAAAGGTATAATTATTGAGAATTCAAAAACTACTTTTTTAACACCGGTAGCTACGGAAAATCAAGATTTAAAAGATGGAGGTTTTGCTTTTCCTCCAACAAATCCTCCTATGTCACCAATGACATTAAATGGTATGAGAGATTTATATAAAAATAATGAGTATGTAAAAAATTTAGATGAATTGA	pfama1.77
3604	2018-05-01	ATTTGGTAAAGGTATAATTATTGAGAATTCAAAAACTACTTTTTTAACACCGGTAGCTACGGAAAATCAAGATTTAAAAGATGGAGGTTTTGCTTTTCCTCCAACAAAACCTCTTATGTCACCAATGACATTAGATGATATGAGACTTTTGTATAAAGATAATGAATATGTAAAAAATTTAGATGAATTGA	pfama1.27
3604	2018-05-01	ATTTGGTAAAGGTATAATTATTGAGAATTCAAAAACTACTTTTTTAACACCGGTAGCTACGGAAAATCAAGATTTAAAAGATGGAGGTTTTGCTTTTCCTCCAACAAATCCTCCTATGTCACCAATGACATTAAATGGTATGAGAGATTTATATAAAAATAATGAATATGTAAAAAATTTAGATGAATTGA	pfama1.00
3604	2018-05-01	ATTTGGTAAAGGTATAATTATTGAGAATTCAAATACTACTTTTTTAACACCGGTAGCTACGGAAAATCAAGATTTAAAAGATGGAGGTTTTGCTTTTCCTCCAACAAATCCTCTTATATCACCAATGACATTAGATCATATGAGAGATTCTTATAAAAATAATGAATATGTAAAAAATTTAGATGAATTGA	pfama1.34
3604	2018-05-01	ATTTGGTAAAGGTATAATTATTGAGAATTCAAATACTACTTTTTTAACACCGGTAGCTACGGGAAAACAAGATTTAAAAGATGGAGGTTTTGCTTTTCCTCCAACAAATCCTCTTATATCACCAATGACATTAAATGGTATGAAAGATTTTTATAAAGATAATGAAGATGTAAAAAATTTAGATGAATTGA	pfama1.19
3604	2018-05-01	ATTTGGTAAAGGTATAATTATTGAGAATTCAAATACTACTTTTTTAACACCGGTAGCTACGGAAAATCAAGATTTAAAAGATGGAGGTTTTGCTTTTCCTCCAACAAAACCTCTTATATCACCAATGACATTAGATCAAATGAGAGATTTATATAAAAATAATGAATATGTAAAAAATTTAGATGAATTGA	pfama1.07
3164	2018-05-21	ATTTGGTAAAGGTATAATTATTGAGAATTCAAAAACTACTTTTTTAACACCGGTAGCTACGGAAAATCAAGATTTAAAAGATGGAGGTTTTGCTTTTCCTCCAACAAATCCTCCTATGTCACCAATGACATTAAATGGTATGAGAGATTTATATAAAAATAATGAATATGTAAAAAATTTAGATGAATTGA	pfama1.00
3578	2018-05-29	ATTTGGTAAAGGTATAATTATTGAGAATTCAAATACTACTTTTTTAACACCGGTAGCTACGGAAAATCAAGATTTAAAAGATGGAGGTTTTGCTTTTCCTCCAACAAAACCTCTTATGTCACCAATGACATTAGATCAAATGAGACATTTTTATAAAGATAATGAAGATGTAAAAAATTTAGATGAATTGA	pfama1.24
3578	2018-05-29	ATTTGGTAAAGGTATAATTATTGAGAATTCAAAAACTACTTTTTTAACACCGGTAGCTACGGAAAATCAAGATTTAAAAGATGGAGGTTTTGCTTTTCCTCCAACAAATCCTCCTATGTCACCAATGACATTAAATGGTATGAGAGATTTATATAAAAATAATGAAGATGTAAAAAATTTAGATGAATTGA	pfama1.12
3578	2018-05-29	ATTTGGTAAAGGTATAATTATTGAGAATTCAAATACTACTTTTTTAACACCGGTAGCTACGGGAAAACAAGATTTAAAAGATGGAGGTTTTGCTTTTCCTCCAACAAATCCTCTTATATCACCAATGACATTAAATGGTATGAGAGATTTATATAAAAATAATGAAGATGTAAAAAATTTAGATGAATTGA	pfama1.11
3578	2018-05-29	ATTTGGTAAAGGTATAATTATTGAGAATTCAAAAACTACTTTTTTAACACCGGTAGCTACGGAAAATCAAGATTTAAAAGATGGAGGTTTTGCTTTTCCTCCAACAGAACCTCTTATGTCACCAATGACATTAGATGATATGAGACGTTTTTATAAAGATAATGAATATGTAAAAAATTTAGATGAATTGA	pfama1.06
3570	2018-06-25	ATTTGGTAAAGGTATAATTATTGAGAATTCAAAAACTACTTTTTTAACACCGGTAGCTACGGAAAATCAAGATTTAAAAGATGGAGGTTTTGCTTTTCCTCCAACAAATCCTCCTATGTCACCAATGACATTAAATGGTATGAGAGATTTATATAAAAATAATGAATATGTAAAAAATTTAGATGAATTGA	pfama1.00
3081	2018-07-11	ATTTGGTAAAGGTATAATTATTGAGAATTCAAATACTACTTTTTTAACACCGGTAGCTACGGGAAATCAATATTTAAAAGATGGAGGTTTTGCTTTTCCTCCAACAGAACCTCATATGTCACCAATGACATTAGATGAAATGAGACATTTTTATAAAGATAATAAATATGTAAAAAATTTAGATGAATTGA	pfama1.01
3081	2018-07-11	ATTTGGTAAAGGTATAATTATTGAGAATTCAAATACTACTTTTTTAACACCGGTAGCTACGGGAAAACAAGATTTAAAAGATGGAGGTTTTGCTTTTCCTCCAACAAATCCTCTTATATCACCAATGACATTAGATCATATGAGAGATTTTTATAAAAAAAATGAATATGTAAAAAATTTAGATGAATTGA	pfama1.10
3081	2018-07-11	ATTTGGTAAAGGTATAATTATTGAGAATTCAAAAACTACTTTTTTAACACCGGTAGCTACGGAAAATCAAGATTTAAAAGATGGAGGTTTTGCTTTTCCTCCAACAAATCCTCCTATGTCACCAATGACATTAAATGGTATGAGAGATTTATATAAAAATAATGAATATGTAAAAAATTTAGATGAATTGA	pfama1.00
3079	2018-07-11	ATTTGGTAAAGGTATAATTATTGAGAATTCAAATACTACTTTTTTAACACCGGTAGCTACGGGAAATCAATATTTAAAAGATGGAGGTTTTGCTTTTCCTCCAACAGAACCTCATATGTCACCAATGACATTAGATGAAATGAGACATTTTTATAAAGATAATAAATATGTAAAAAATTTAGATGAATTGA	pfama1.01
3285	2018-07-17	ATTTGGTAAAGGTATAATTATTGAGAATTCAAATACTACTTTTTTAAAACCGGTAGCTACGGGAAATCAAGATTTAAAAGATGGAGGTTTTGCTTTTCCTCCAACAGAACCTCTTATATCACCAATGACATTAGATGATATGAGAGATTTTTATAAAAATAATGAATATGTAAAAAATTTAGATGAATTGA	pfama1.02
3285	2018-07-17	ATTTGGTAAAGGTATAATTATTGAGAATTCAAATACTACTTTTTTAACACCGGTAGCTACGGGAAATCAATATTTAAAAGATGGAGGTTTTGCTTTTCCTCCAACAGAACCTCATATGTCACCAATGACATTAGATGAAATGAGACATTTTTATAAAGATAATAAATATGTAAAAAATTTAGATGAATTGA	pfama1.01
3570	2018-07-23	ATTTGGTAAAGGTATAATTATTGAGAATTCAAAAACTACTTTTTTAACACCGGTAGCTACGGAAAATCAAGATTTAAAAGATGGAGGTTTTGCTTTTCCTCCAACAAATCCTCCTATGTCACCAATGACATTAAATGGTATGAGAGATTTATATAAAAATAATGAATATGTAAAAAATTTAGATGAATTGA	pfama1.00
3786	2018-08-07	ATTTGGTAAAGGTATAATTATTGAGAATTCAAATACTACTTTTTTAACACCGGTAGCTACGGGAAATCAATATTTAAAAGATGGAGGTTTTGCTTTTCCTCCAACAAAACCTCTTATGTCACCAATGACATTAGATGATATGAGACTTTTGTATAAAGATAATGAAGATGTAAAAAATTTAGATGAATTGA	pfama1.05
3441	2018-08-14	ATTTGGTAAAGGTATAATTATTGAGAATTCAAATACTACTTTTTTAACACCGGTAGCTACGGAAAATCAAGATTTAAAAGATGGAGGTTTTGCTTTTCCTCCAACAGAACCTCTTATGTCACCAATGACATTAGATCAAATGAGACATTTTTATAAAGATAATAAATATGTAAAAAATTTAGATGAATTGA	pfama1.03
3441	2018-08-14	ATTTGGTAAAGGTATAATTATTGAGAATTCAAATACTACTTTTTTAACACCGGTAGCTACGGAAAATCAAGATTTAAAAGATGGAGGTTTTGCTTTTCCTCCAACAAAACCTCTTATGTCACCAATGACATTAGATCAAATGAGACATTTTTATAAAGATAATAAATATGTAAAAAATTTAGATGAATTGA	pfama1.04
3441	2018-08-14	ATTTGGTAAAGGTATAATTATTGAGAATTCAAAAACTACTTTTTTAACACCGGTAGCTACGGAAAATCAAGATTTAAAAGATGGAGGTTTTGCTTTTCCTCCAACAGAACCTCTTATATCACCAATGACATTAGATCAAATGAGACATCTTTATAAAGATAATGAATATGTAAAAAATTTAGATGAATTGA	pfama1.17
3441	2018-08-14	ATTTGGTAAAGGTATAATTATTGAGAATTCAAATACTACTTTTTTAACACCGGTAGCTACGGAAAATCAAGATTTAAAAGATGGAGGTTTTGCTTTTCCTCCAACAGAACCTCTTATATCACCAATGACATTAGATCAAATGAGACATCTTTATAAAGATAATGAATATGTAAAAAATTTAGATGAATTGA	pfama1.76
3570	2018-08-20	ATTTGGTAAAGGTATAATTATTGAGAATTCAAAAACTACTTTTTTAACACCGGTAGCTACGGAAAATCAAGATTTAAAAGATGGAGGTTTTGCTTTTCCTCCAACAAATCCTCCTATGTCACCAATGACATTAAATGGTATGAGAGATTTATATAAAAATAATGAATATGTAAAAAATTTAGATGAATTGA	pfama1.00
3602	2018-08-21	ATTTGGTAAAGGTATAATTATTGAGAATTCAAAAACTACTTTTTTAACACCGGTAGCTACGGAAAATCAAGATTTAAAAGATGGAGGTTTTGCTTTTCCTCCAACAAATCCTCCTATGTCACCAATGACATTAAATGGTATGAGAGATTTATATAAAAATAATGAATATGTAAAAAATTTAGATGAATTGA	pfama1.00
3602	2018-08-21	ATTTGGTAAAGGTATAATTATTGAGAATTCAAAAACTACTTTTTTAACACCGGTAGCTACGGAAAATCAAGATTTAAAAGATGGAGGTTTTGCTTTTCCTCCAACAAAACCTCTTATGTCACCAATGACATTAGATGATATGAGAGATCTTTATAAAAATAATGAATATGTAAAAAATTTAGATGAATTGA	pfama1.16
3602	2018-09-18	ATTTGGTAAAGGTATAATTATTGAGAATTCAAAAACTACTTTTTTAACACCGGTAGCTACGGAAAATCAAGATTTAAAAGATGGAGGTTTTGCTTTTCCTCCAACAAATCCTCCTATGTCACCAATGACATTAAATGGTATGAGAGATTTATATAAAAATAATGAATATGTAAAAAATTTAGATGAATTGA	pfama1.00
3602	2018-09-18	ATTTGGTAAAGGTATAATTATTGAGAATTCAAATACTACTTTTTTAACACCGGTAGCTACGGAAAATCAAGATTTAAAAGATGGAGGTTTTGCTTTTCCTCCAACAAAACCTCTTATGTCACCAATGACATTAGATCAAATGAGACATTTTTATAAAGATAATAAATATGTAAAAAATTTAGATGAATTGA	pfama1.04
3441	2018-10-01	ATTTGGTAAAGGTATAATTATTGAGAATTCAAAAACTACTTTTTTAACACCGGTAGCTACGGAAAATCAAGATTTAAAAGATGGAGGTTTTGCTTTTCCTCCAACAGAACCTCTTATATCACCAATGACATTAGATCAAATGAGACATCTTTATAAAGATAATGAATATGTAAAAAATTTAGATGAATTGA	pfama1.17
3441	2018-10-01	ATTTGGTAAAGGTATAATTATTGAGAATTCAAATACTACTTTTTTAACACCGGTAGCTACGGAAAATCAAGATTTAAAAGATGGAGGTTTTGCTTTTCCTCCAACAGAACCTCTTATGTCACCAATGACATTAGATCAAATGAGACATTTTTATAAAGATAATAAATATGTAAAAAATTTAGATGAATTGA	pfama1.03
3602	2018-10-16	ATTTGGTAAAGGTATAATTATTGAGAATTCAAATACTACTTTTTTAACACCGGTAGCTACGGGAAAACAAGATTTAAAAGATGGAGGTTTTGCTTTTCCTCCAACAAATCCTCTTATATCACCAATGACATTAAATGGTATGAAAGATTTTTATAAAGATAATGAAGATGTAAAAAATTTAGATGAATTGA	pfama1.19
3744	2018-10-29	ATTTGGTAAAGGTATAATTATTGAGAATTCAAAAACTACTTTTTTAACACCGGTAGCTACGGAAAATCAAGATTTAAAAGATGGAGGTTTTGCTTTTCCTCCAACAAAACCTCTTATGTCACCAATGACATTAGATGAAATGAGACATTTTTATAAAGATAATAAATATGTAAAAAATTTAGATGAATTGA	pfama1.30
3744	2018-10-29	ATTTGGTAAAGGTATAATTATTGAGAATTCAAATACTACTTTTTTAAAACCGGTAGCTACGGGAAATCAAGATTTAAAAGATGGAGGTTTTGCTTTTCCTCCAACAGAACCTCTTATATCACCAATGACATTAAATGGTATGAGAGATTTATATAAAAATAATGAAGATGTAAAAAATTTAGATGAATTGA	pfama1.08
3744	2018-10-29	ATTTGGTAAAGGTATAATTATTGAGAATTCAAATACTACTTTTTTAAAACCGGTAGCTACGGGAAATCAAGATTTAAAAGATGGAGGTTTTGCTTTTCCTCCAACAGAACCTCTTATATCACCAATGACATTAGATGATATGAGAGATTTTTATAAAAATAATGAATATGTAAAAAATTTAGATGAATTGA	pfama1.02
3744	2018-11-26	ATTTGGTAAAGGTATAATTATTGAGAATTCAAATACTACTTTTTTAAAACCGGTAGCTACGGGAAATCAAGATTTAAAAGATGGAGGTTTTGCTTTTCCTCCAACAGAACCTCTTATATCACCAATGACATTAAATGGTATGAGAGATTTATATAAAAATAATGAAGATGTAAAAAATTTAGATGAATTGA	pfama1.08
3744	2018-11-26	ATTTGGTAAAGGTATAATTATTGAGAATTCAAAAACTACTTTTTTAACACCGGTAGCTACGGAAAATCAAGATTTAAAAGATGGAGGTTTTGCTTTTCCTCCAACAAAACCTCTTATGTCACCAATGACATTAGATGAAATGAGACATTTTTATAAAGATAATAAATATGTAAAAAATTTAGATGAATTGA	pfama1.30
3744	2018-11-26	ATTTGGTAAAGGTATAATTATTGAGAATTCAAATACTACTTTTTTAAAACCGGTAGCTACGGGAAATCAAGATTTAAAAGATGGAGGTTTTGCTTTTCCTCCAACAGAACCTCTTATATCACCAATGACATTAGATGATATGAGAGATTTTTATAAAAATAATGAATATGTAAAAAATTTAGATGAATTGA	pfama1.02
3744	2018-12-27	ATTTGGTAAAGGTATAATTATTGAGAATTCAAATACTACTTTTTTAACACCGGTAGCTACGGAAAATCAAGATTTAAAAGATGGAGGTTTTGCTTTTCCTCCAACAAATCCTCTTATATCACCAATGACATTAAATGGTATGAAAGATTTTTATAAAGATAATGAAGATGTAAAAAATTTAGATGAATTGA	pfama1.09
3744	2018-12-27	ATTTGGTAAAGGTATAATTATTGAGAATTCAAATACTACTTTTTTAAAACCGGTAGCTACGGGAAATCAAGATTTAAAAGATGGAGGTTTTGCTTTTCCTCCAACAGAACCTCTTATATCACCAATGACATTAAATGGTATGAGAGATTTATATAAAAATAATGAAGATGTAAAAAATTTAGATGAATTGA	pfama1.08
3744	2018-12-27	ATTTGGTAAAGGTATAATTATTGAGAATTCAAAAACTACTTTTTTAACACCGGTAGCTACGGAAAATCAAGATTTAAAAGATGGAGGTTTTGCTTTTCCTCCAACAAAACCTCTTATGTCACCAATGACATTAGATGAAATGAGACATTTTTATAAAGATAATAAATATGTAAAAAATTTAGATGAATTGA	pfama1.30
3744	2018-12-27	ATTTGGTAAAGGTATAATTATTGAGAATTCAAATACTACTTTTTTAAAACCGGTAGCTACGGGAAATCAAGATTTAAAAGATGGAGGTTTTGCTTTTCCTCCAACAGAACCTCTTATATCACCAATGACATTAGATGATATGAGAGATTTTTATAAAAATAATGAATATGTAAAAAATTTAGATGAATTGA	pfama1.02
3602	2019-04-30	ATTTGGTAAAGGTATAATTATTGAGAATTCAAAAACTACTTTTTTAACACCGGTAGCTACGGAAAATCAAGATTTAAAAGATGGAGGTTTTGCTTTTCCTCCAACAAATCCTCCTATGTCACCAATGACATTAAATGGTATGAGAGATTTATATAAAAATAATGAATATGTAAAAAATTTAGATGAATTGA	pfama1.00
3602	2019-04-30	ATTTGGTAAAGGTATAATTATTGAGAATTCAAAAACTACTTTTTTAACACCGGTAGCTACGGAAAATCAAGATTTAAAAGATGGAGGTTTTGCTTTTCCTCCAACAAAACCTCTTATGTCACCAATGACATTAGATGATATGAGAGATCTTTATAAAAATAATGAATATGTAAAAAATTTAGATGAATTGA	pfama1.16
3602	2019-04-30	ATTTGGTAAAGGTATAATTATTGAGAATTCAAATACTACTTTTTTAAAACCGGTAGCTACGGGAAATCAAGATTTAAAAGATGGAGGTTTTGCTTTTCCTCCAACAGAACCTCTTATATCACCAATGACATTAAATGGTATGAGAGATTTATATAAAAATAATGAAGATGTAAAAAATTTAGATGAATTGA	pfama1.08
3578	2019-04-30	ATTTGGTAAAGGTATAATTATTGAGAATTCAAATACTACTTTTTTAAAACCGGTAGCTACGGGAAATCAAGATTTAAAAGATGGAGGTTTTGCTTTTCCTCCAACAGAACCTCTTATATCACCAATGACATTAAATGGTATGAGAGATTTATATAAAAATAATGAAGATGTAAAAAATTTAGATGAATTGA	pfama1.08
3744	2019-05-13	ATTTGGTAAAGGTATAATTATTGAGAATTCAAATACTACTTTTTTAAAACCGGTAGCTACGGGAAATCAAGATTTAAAAGATGGAGGTTTTGCTTTTCCTCCAACAGAACCTCTTATATCACCAATGACATTAAATGGTATGAGAGATTTATATAAAAATAATGAAGATGTAAAAAATTTAGATGAATTGA	pfama1.08
3744	2019-05-13	ATTTGGTAAAGGTATAATTATTGAGAATTCAAAAACTACTTTTTTAACACCGGTAGCTACGGAAAATCAAGATTTAAAAGATGGAGGTTTTGCTTTTCCTCCAACAAAACCTCTTATGTCACCAATGACATTAGATGAAATGAGACATTTTTATAAAGATAATAAATATGTAAAAAATTTAGATGAATTGA	pfama1.30
3744	2019-05-13	ATTTGGTAAAGGTATAATTATTGAGAATTCAAATACTACTTTTTTAAAACCGGTAGCTACGGGAAATCAAGATTTAAAAGATGGAGGTTTTGCTTTTCCTCCAACAGAACCTCTTATATCACCAATGACATTAGATGATATGAGAGATTTTTATAAAAATAATGAATATGTAAAAAATTTAGATGAATTGA	pfama1.02
3602	2019-05-28	ATTTGGTAAAGGTATAATTATTGAGAATTCAAAAACTACTTTTTTAACACCGGTAGCTACGGAAAATCAAGATTTAAAAGATGGAGGTTTTGCTTTTCCTCCAACAAATCCTCCTATGTCACCAATGACATTAAATGGTATGAGAGATTTATATAAAAATAATGAATATGTAAAAAATTTAGATGAATTGA	pfama1.00
3602	2019-05-28	ATTTGGTAAAGGTATAATTATTGAGAATTCAAATACTACTTTTTTAAAACCGGTAGCTACGGGAAATCAAGATTTAAAAGATGGAGGTTTTGCTTTTCCTCCAACAAATCCTCTTATATCACCAATGACATTAAATGGTATGAGAGATTTTTATAAAAATAATGAATATGTAAAAAATTTAGATGAATTGA	pfama1.18
3602	2019-05-28	ATTTGGTAAAGGTATAATTATTGAGAATTCAAAAACTACTTTTTTAACACCGGTAGCTACGGAAAATCAAGATTTAAAAGATGGAGGTTTTGCTTTTCCTCCAACAAAACCTCTTATGTCACCAATGACATTAGATGATATGAGAGATCTTTATAAAAATAATGAATATGTAAAAAATTTAGATGAATTGA	pfama1.16
3614	2019-05-28	ATTTGGTAAAGGTATAATTATTGAGAATTCAAATACTACTTTTTTAAAACCGGTAGCTACGGGAAATCAAGATTTAAAAGATGGAGGTTTTGCTTTTCCTCCAACAGAACCTCTTATATCACCAATGACATTAGATGATATGAGAGATTTTTATAAAAATAATGAATATGTAAAAAATTTAGATGAATTGA	pfama1.02
3728	2019-09-25	ATTTGGTAAAGGTATAATTATTGAGAATTCAAATACTACTTTTTTAACACCGGTAGCTACGGGAAATCAATATTTAAAAGATGGAGGTTTTGCTTTTCCTCCAACAGAACCTCATATGTCACCAATGACATTAGATGAAATGAGACATTTTTATAAAGATAATAAATATGTAAAAAATTTAGATGAATTGA	pfama1.01
3728	2019-09-25	ATTTGGTAAAGGTATAATTATTGAGAATTCAAAAACTACTTTTTTAACACCGGTAGCTACGGAAAATCAAGATTTAAAAGATGGAGGTTTTGCTTTTCCTCCAACAAATCCTCCTATGTCACCAATGACATTAAATGGTATGAGAGATTTATATAAAAATAATGAATATGTAAAAAATTTAGATGAATTGA	pfama1.00
3728	2019-09-25	ATTTGGTAAAGGTATAATTATTGAGAATTCAAAAACTACTTTTTTAACACCGGTAGCTACGGAAAATCAAGATTTAAAAGATGGAGGTTTTGCTTTTCCTCCAACAAAACCTCTTATGTCACCAATGACATTAGATGAAATGAGACATTTTTATAAAGATAATAAATATGTAAAAAATTTAGATGAATTGA	pfama1.30
3728	2019-09-25	ATTTGGTAAAGGTATAATTATTGAGAATTCAAATACTACTTTTTTAAAACCGGTAGCTACGGGAAATCAAGATTTAAAAGATGGAGGTTTTGCTTTTCCTCCAACAAATCCTCTTATATCACCAATGACATTAAATGGTATGAGAGATTTTTATAAAAATAATGAATATGTAAAAAATTTAGATGAATTGA	pfama1.18
3818	2019-10-01	ATTTGGTAAAGGTATAATTATTGAGAATTCAAAAACTACTTTTTTAACACCGGTAGCTACGGAAAATCAAGATTTAAAAGATGGAGGTTTTGCTTTTCCTCCAACAGAACCTCTTATGTCACCAATGACATTAGATGATATGAGACGTTTTTATAAAGATAATGAATATGTAAAAAATTTAGATGAATTGA	pfama1.06
